,MAD,cox_pval_adj,elasticnet_coef
hsa-let-7a-2-3p,0.28409540644114195,1.0,
hsa-let-7a-3p,0.53217862909724,0.008979145182964913,0.0
hsa-let-7a-5p,0.6012470211037154,3.29675486909764e-09,0.0
hsa-let-7b-3p,0.5626774235508827,3.997562274491048e-05,-0.0836164122387225
hsa-let-7b-5p,0.601730689004694,2.879080005259636e-07,0.0
hsa-let-7c-3p,0.3157686951816812,1.8782608695652174e-299,0.0028311732924232403
hsa-let-7c-5p,0.6566455189032423,1.9636363636363636e-299,0.0
hsa-let-7d-3p,0.5500757719062955,2.902215836883762e-07,0.0
hsa-let-7d-5p,0.5789461651057499,7.050478354987998e-10,0.053174315865276434
hsa-let-7e-3p,0.4935999426121249,2.2952573581964194e-07,0.1307581314454936
hsa-let-7e-5p,0.6003307581023073,1.4583651933134313e-09,0.1956394488295042
hsa-let-7f-1-3p,0.31234900762323403,0.013741927559170761,0.0374103177310441
hsa-let-7f-5p,0.5993088871162205,1.0474047395637053e-08,0.0
hsa-let-7g-3p,0.543112706583347,1.6277888128322296e-13,-0.013786132782654364
hsa-let-7g-5p,0.6092402042489513,1.8785914000866744e-11,0.0
hsa-let-7i-3p,0.5937321265231783,0.7509634509220593,
hsa-let-7i-5p,0.6038564959384528,2.533997783369641e-07,0.0
hsa-miR-1,0.43917921299891827,0.8668258347088902,
hsa-miR-100-5p,0.6506853311412579,9.178072701843121e-08,0.29957306847774146
hsa-miR-101-3p,0.617379608178186,2.273684210526316e-299,-0.31400103030811033
hsa-miR-101-5p,0.4814653873729253,2.4e-299,0.025123826184214982
hsa-miR-103a-2-5p,0.17795449623790704,0.06298724850198446,
hsa-miR-103a-3p,0.585106249694501,2.352293167524005e-07,0.0
hsa-miR-106a-5p,0.6209645812632366,2.5618762033570527e-05,-0.04797888240996786
hsa-miR-106b-3p,0.5710061853554577,0.271280791676126,
hsa-miR-106b-5p,0.5936271547102496,0.010446458049656602,0.0
hsa-miR-107,0.6023932649658946,0.00020713567889791605,0.011101725597854677
hsa-miR-10a-5p,0.5144127840555127,0.2831913756421653,
hsa-miR-10b-3p,0.16725734764069192,4.013980706049169e-07,-0.022022378120991178
hsa-miR-10b-5p,0.5746690367008143,5.57295923694515e-10,0.0
hsa-miR-1180-3p,0.6256112607801398,0.01926865915794908,0.0
hsa-miR-1226-3p,0.17517449384264028,0.08330286956836326,
hsa-miR-1247-3p,0.1767392222421577,0.03734754383694176,0.024553039278996353
hsa-miR-1247-5p,0.17786061028439404,0.03418653551337747,0.0
hsa-miR-1249,0.19802612249499657,1.0,
hsa-miR-125a-3p,0.27919782511484204,0.007433783695653698,0.0010294347879708178
hsa-miR-125a-5p,0.6713196837942763,2.16e-299,-0.644295320572398
hsa-miR-125b-2-3p,0.373019345552612,2.057142857142857e-299,0.0
hsa-miR-125b-5p,0.6423816043581257,1.8e-299,-0.044140099161877104
hsa-miR-126-3p,0.6048017641146934,8.952838470577262e-14,-0.18184539021077836
hsa-miR-126-5p,0.5632734737494656,1.2427612716692238e-08,0.0
hsa-miR-1262,0.17324947524873746,0.041439892042506504,0.04266764763255839
hsa-miR-1266-5p,0.371293443406704,0.9026406825042516,
hsa-miR-127-3p,0.5819183466073828,1.0,
hsa-miR-127-5p,0.4711487282700048,0.40756676393488406,
hsa-miR-1271-5p,0.331168629076373,0.5227778644412894,
hsa-miR-1277-3p,0.17514602247568467,1.0,
hsa-miR-128-1-5p,0.517188652823976,0.0032631446949631005,-0.05194732356207924
hsa-miR-128-3p,0.5690483758929586,2.1418172378519427e-09,-0.09792291122406598
hsa-miR-1287-3p,0.31818336027403027,2.0298549682082942e-06,0.013123738337045299
hsa-miR-1287-5p,0.5440840980159718,0.0004376770887436695,-0.0712258491344012
hsa-miR-129-5p,0.21853209285805186,0.8285727512635538,
hsa-miR-1296-5p,0.4301871695977495,0.021034774037942752,0.0
hsa-miR-1301-3p,0.6063461282972422,0.19818463250071297,
hsa-miR-1306-3p,0.1613343131114079,0.004941221402598736,0.0
hsa-miR-1306-5p,0.5193988161317734,0.043343723122879395,-0.07481372252526905
hsa-miR-1307-3p,0.5429101338640812,0.030305744259331323,0.09979686345161631
hsa-miR-1307-5p,0.6013001072996805,0.00036433049160753333,-0.05936824938235009
hsa-miR-130a-3p,0.6766153894607636,7.683357810331306e-05,0.015294961684795983
hsa-miR-130b-3p,0.5790304794338803,2.5411764705882355e-299,0.1304622294123688
hsa-miR-130b-5p,0.5718741441141642,8.247885408152467e-05,0.015370250283701488
hsa-miR-132-3p,0.6240465075975329,0.001712071646147984,0.1115064634471397
hsa-miR-132-5p,0.33305394430311885,0.9381670286976629,
hsa-miR-133a-3p,0.34590173999878926,0.6176558367337737,
hsa-miR-134-5p,0.5185537410224756,1.0,
hsa-miR-135b-5p,0.16171236612823164,6.268897909057672e-06,0.12794332280081322
hsa-miR-136-3p,0.16155027725844545,0.2539068282535251,
hsa-miR-136-5p,0.3109806044146526,1.0,
hsa-miR-139-3p,0.48915145623322703,2.90584209743027e-07,-0.03301822035737185
hsa-miR-139-5p,0.6873751126499021,1.4435282237838425e-12,0.09585666356244543
hsa-miR-140-3p,0.6121300068652143,2.1797018427482187e-10,0.0
hsa-miR-140-5p,0.5757985527967829,9.592326932761353e-14,-0.020944885072593317
hsa-miR-141-3p,0.19704988392664755,0.42131470988975167,
hsa-miR-141-5p,0.09646538981939129,0.3341288802846216,
hsa-miR-142-3p,0.5442667641435559,0.0037829638740527758,0.0
hsa-miR-142-5p,0.47935564606813974,0.057933406335072664,
hsa-miR-143-3p,0.5784375694581054,0.0003517918947411198,0.0
hsa-miR-143-5p,0.4577744375611613,0.6581684228808694,
hsa-miR-144-3p,0.27694620960748173,1.0,
hsa-miR-144-5p,0.6157127368681234,0.0008575839893936539,-0.10393164292523947
hsa-miR-145-3p,0.4546703821702136,0.19872804688689674,
hsa-miR-145-5p,0.5463794411111048,0.00022529125423923605,-0.05830582956528817
hsa-miR-1468-5p,0.5219632710430658,8.64e-299,-0.024671059058466557
hsa-miR-146a-5p,0.559064438552724,1.0,
hsa-miR-146b-3p,0.5650640104440736,0.769626641505207,
hsa-miR-146b-5p,0.6188147350354789,0.4091701505983144,
hsa-miR-148a-3p,0.6016106859139783,3.4449195064135473e-07,0.0
hsa-miR-148a-5p,0.2451827042903267,0.00102188365669279,0.0
hsa-miR-148b-3p,0.6368275213071177,9.90175683381817e-14,-0.0007939706810743947
hsa-miR-148b-5p,0.30576399068434185,0.33602794556112947,
hsa-miR-149-5p,0.583506149959893,0.7565271693897886,
hsa-miR-150-5p,0.6266824794247756,0.00038572641022164764,-0.054724630508586794
hsa-miR-151a-3p,0.6015594489549002,1.7923846528180955e-05,0.0
hsa-miR-151a-5p,0.6260072257654274,1.8054174951437272e-05,0.0
hsa-miR-151b,0.25961959124005457,4.994404889657744e-12,0.017608354768564347
hsa-miR-152-3p,0.5798561743950805,7.387841778848213e-05,-0.08796546593500632
hsa-miR-153-3p,0.2380356038827651,0.0506923979730432,
hsa-miR-153-5p,0.4389647873347025,0.0003582814167701399,0.0
hsa-miR-154-5p,0.13160216320672974,0.30536717479192177,
hsa-miR-155-5p,0.5197468023022054,0.4407113508937445,
hsa-miR-15a-5p,0.6224623246653556,4.607450421190151e-09,-0.1819405294122198
hsa-miR-15b-3p,0.5088351324188276,8.872781065838162e-07,0.09559772992448164
hsa-miR-15b-5p,0.5886439848806232,0.05091100964785615,
hsa-miR-16-1-3p,0.40486954640879935,1.0,
hsa-miR-16-2-3p,0.43851878517132803,5.986567376562621e-07,0.08581367128203
hsa-miR-16-5p,0.5868178645769604,1.662234487984561e-10,-0.04413034040487661
hsa-miR-17-3p,0.6236882615382554,0.014142294906110646,-0.09093240191782324
hsa-miR-17-5p,0.6332048832298065,0.17473183477879956,
hsa-miR-181a-2-3p,0.5990293618026722,9.015292582024932e-08,0.0
hsa-miR-181a-3p,0.6073945564536469,0.0013540890977896416,0.0
hsa-miR-181a-5p,0.6115935852576304,1.239293506370748e-08,0.0
hsa-miR-181b-3p,0.4453571097050566,1.0,
hsa-miR-181b-5p,0.6258341618903003,0.0015074512440437888,0.12025629862196541
hsa-miR-181c-3p,0.6301392453556516,2.2245062934546564e-12,-0.031769883898337306
hsa-miR-181c-5p,0.6646779261718906,3.9272727272727273e-299,-0.20112970810860825
hsa-miR-181d-5p,0.5821283029871636,8.004142803098479e-10,0.0
hsa-miR-182-5p,0.5988560177355619,4.0493035749056535e-06,-0.08133183883525383
hsa-miR-183-5p,0.6001110742435639,0.002617016516471754,0.0
hsa-miR-185-3p,0.37754032694184125,0.4626658426699945,
hsa-miR-185-5p,0.5722162340109255,0.02757408581719921,0.0
hsa-miR-186-5p,0.6027626072527302,2.455801421419324e-07,0.05774464639978629
hsa-miR-187-3p,0.20449324669308622,0.4055463036874421,
hsa-miR-188-5p,0.2016087921714877,0.0005181009519725344,0.00010045027434386378
hsa-miR-18a-3p,0.2132608847895915,4.32e-299,0.0
hsa-miR-18a-5p,0.5677994913204286,3.6e-299,0.09708493727787454
hsa-miR-190a-5p,0.3753481562967582,2.950076546684696e-11,0.0
hsa-miR-191-3p,0.1883588185696068,0.1677611718405181,
hsa-miR-191-5p,0.6125144054449607,7.276937673129302e-14,-0.05086377925371664
hsa-miR-192-3p,0.25981286229461137,0.050050943893798924,
hsa-miR-192-5p,0.6683238525725205,0.28682564185031456,
hsa-miR-193a-3p,0.36822609147791074,0.0445655031066289,0.07753320332827816
hsa-miR-193a-5p,0.6367934119087594,0.040770960265318776,0.0
hsa-miR-193b-3p,0.5918931313294138,0.0007136782433482499,0.05814642749359086
hsa-miR-193b-5p,0.39075321104799865,8.298842840955908e-06,0.011061794628446496
hsa-miR-194-3p,0.263813807272744,0.03565069397662815,0.0
hsa-miR-194-5p,0.683290590293954,0.27861702368837143,
hsa-miR-195-3p,0.31604416599058927,1.926584433040022e-07,0.002583534936253948
hsa-miR-195-5p,0.5849654078394954,2.86578977968804e-07,0.012201496015059222
hsa-miR-196a-5p,0.14426489303205114,0.125078073461286,
hsa-miR-196b-5p,0.36523370682291734,0.6204766002575859,
hsa-miR-197-3p,0.5637166364895134,0.00014295451014598404,0.16543751345839952
hsa-miR-1976,0.5168700502773691,0.844961224034178,
hsa-miR-199a-3p,0.47193895807661823,1.0,
hsa-miR-199a-5p,0.47771562383068433,0.8218627433985444,
hsa-miR-199b-3p,0.4710967934447672,1.0,
hsa-miR-199b-5p,0.22241092212762414,0.018163743669988686,0.0
hsa-miR-19a-3p,0.5830659142025716,0.17414684135702696,
hsa-miR-19b-1-5p,0.5113084079388159,1.0,
hsa-miR-19b-3p,0.6092654820758961,0.006918453922886404,0.0
hsa-miR-200a-3p,0.18708574108233517,0.3257926845135097,
hsa-miR-200a-5p,0.1986748358366458,0.9884269478827457,
hsa-miR-200b-3p,0.2428829476127941,0.28668289005871456,
hsa-miR-200b-5p,0.08067783882817753,1.0,
hsa-miR-200c-3p,0.4456629720946007,0.33518592231645433,
hsa-miR-203a,0.5500376732958995,0.08242046802910027,
hsa-miR-203b-3p,0.12225603779625355,1.670970759577854e-06,-0.0050418990347071355
hsa-miR-204-5p,0.20483492243110324,2.9247680333970543e-09,0.04996265860205814
hsa-miR-205-5p,0.1214330635983702,1.0,
hsa-miR-20a-3p,0.5004518842693343,1.0,
hsa-miR-20a-5p,0.6452078463333036,0.08303208287191194,
hsa-miR-20b-5p,0.5668049196570638,1.3211431948434438e-11,0.0
hsa-miR-21-3p,0.49375712923694004,0.10166835073180021,
hsa-miR-21-5p,0.5806033962002559,0.02554880105963662,0.5309589828983761
hsa-miR-210-3p,0.5823584625908033,3.8281434414263407e-05,0.1696281905051062
hsa-miR-2110,0.1647697452811639,1.0,
hsa-miR-212-3p,0.42156916875247363,3.460016646478103e-05,0.026663444120872383
hsa-miR-214-3p,0.12656053904391668,1.2411092153996606e-08,-0.022044595114100483
hsa-miR-214-5p,0.1450871962833825,4.357900530184043e-05,-0.03382510194760186
hsa-miR-215-5p,0.40320193914377755,1.935985352763403e-05,0.08310733524552638
hsa-miR-217,0.4327636767596909,0.0528652949334538,
hsa-miR-218-5p,0.5913468061811972,4.879006289890888e-12,0.0
hsa-miR-219a-1-3p,0.26916954158747164,0.5570466281472176,
hsa-miR-22-3p,0.5730416933104348,7.646070853385166e-07,0.0
hsa-miR-22-5p,0.530586194289705,0.06535040569053015,
hsa-miR-221-3p,0.6250706957922203,1.0,
hsa-miR-221-5p,0.2338589560437433,0.3349132291804266,
hsa-miR-222-3p,0.503352240846867,0.5124812746667535,
hsa-miR-222-5p,0.34825634415838247,0.0005149446477526778,0.02885630299971214
hsa-miR-223-3p,0.6197763615234418,2.7286045252938516e-06,0.0014654077517041878
hsa-miR-223-5p,0.1920383580463001,8.282677701593481e-09,0.014146407016338203
hsa-miR-224-3p,0.17785632919877314,0.04073270100038376,-0.042059860369478654
hsa-miR-224-5p,0.35366048885441576,2.934123532374061e-13,0.0
hsa-miR-2355-3p,0.313139510099744,4.8e-299,-0.03729370552396731
hsa-miR-2355-5p,0.5118818002159318,1.0,
hsa-miR-23a-3p,0.5467493997185305,0.00013616626221807506,0.0
hsa-miR-23a-5p,0.18121260583034632,0.000658497016270046,0.0
hsa-miR-23b-3p,0.5930357386331874,1.9326591810199046e-06,0.11344189121508043
hsa-miR-24-1-5p,0.5857950680414028,0.1460545075124929,
hsa-miR-24-2-5p,0.4903990210403627,1.4263533716710084e-05,0.0
hsa-miR-24-3p,0.5396569333106509,0.03538614479528521,0.0
hsa-miR-25-3p,0.5864149852774889,1.8175209937691778e-05,0.0
hsa-miR-26a-1-3p,0.20161365611029697,0.031721106387042494,0.0
hsa-miR-26a-2-3p,0.39022661932736624,0.31582136751461193,
hsa-miR-26a-5p,0.608763297841351,4.157345435648876e-10,0.0
hsa-miR-26b-3p,0.6339327889803865,4.0443324365155973e-13,-0.01108045570198678
hsa-miR-26b-5p,0.6060100035137329,2.425792899884982e-11,0.0
hsa-miR-27a-3p,0.5294655041563875,0.8074392183214113,
hsa-miR-27a-5p,0.4479118236961045,3.3238054708562004e-07,0.0011018271040213272
hsa-miR-27b-3p,0.581910668945815,0.0018403999648468445,0.014342624045054408
hsa-miR-27b-5p,0.6227190210556597,1.0,
hsa-miR-28-3p,0.580465703993688,0.0037633785358162086,0.0
hsa-miR-28-5p,0.5776737006615926,0.0274200613898108,0.0440740356842078
hsa-miR-296-5p,0.17688109612659259,0.5578799905091535,
hsa-miR-299-5p,0.1372314296551792,7.676355666981063e-07,-0.01907424849493686
hsa-miR-29a-3p,0.5978329073598054,3.6931798988867016e-09,0.0
hsa-miR-29a-5p,0.45973481989527243,1.0664916334672643e-08,-0.04339390464481748
hsa-miR-29b-1-5p,0.41230514462520496,0.5589246796312959,
hsa-miR-29b-2-5p,0.698763693559159,3.085714285714286e-299,0.0
hsa-miR-29b-3p,0.576894782822627,5.225293881793684e-13,0.0
hsa-miR-29c-3p,0.6013987508143225,2.7e-299,-0.09207956853046015
hsa-miR-29c-5p,0.6850192025505091,2.88e-299,0.0
hsa-miR-301a-3p,0.4914297267832455,0.6353236679083584,
hsa-miR-301a-5p,0.23515678115210503,0.04264340393847179,-0.002638984498007293
hsa-miR-3065-3p,0.6539245198872726,0.0016335210358896567,0.11399878385612941
hsa-miR-3065-5p,0.21468217835128794,1.0,
hsa-miR-3074-5p,0.5728647853701162,2.559296527590946e-05,0.0
hsa-miR-30a-3p,0.6560871269724423,4.4535803616391996e-14,0.0
hsa-miR-30a-5p,0.6461009877401898,7.772244386545096e-13,0.17375257482452744
hsa-miR-30b-3p,0.4850780157016866,3.323076923076923e-299,-0.04999752225370635
hsa-miR-30b-5p,0.6218990267662715,8.105516258183343e-13,0.0
hsa-miR-30c-1-3p,0.17624303852752077,2.75294953729795e-08,-0.013249273626852782
hsa-miR-30c-2-3p,0.7060262335722784,1.0658141036401503e-14,0.0
hsa-miR-30c-5p,0.6363476355986315,5.4e-299,0.0
hsa-miR-30d-3p,0.6160679815689236,3.4638958368304884e-13,-0.01262871924366933
hsa-miR-30d-5p,0.6238321013984537,1.362110424452112e-11,0.0
hsa-miR-30e-3p,0.6052321871702413,4.919195485735659e-12,0.0
hsa-miR-30e-5p,0.6100164096434337,3.096951266862951e-13,0.0
hsa-miR-31-5p,0.2156221016012047,2.476089030732368e-05,-0.05466307798326379
hsa-miR-3127-5p,0.4794057327201766,1.0,
hsa-miR-3130-5p,0.11693782066911226,1.0,
hsa-miR-3170,0.2116676421971893,1.0,
hsa-miR-32-3p,0.17823196711166986,1.0,
hsa-miR-32-5p,0.5549922754486218,0.000584257210149632,0.025180654099486523
hsa-miR-3200-3p,0.28164882892070364,0.17060963883777489,
hsa-miR-320a,0.5828360485527414,2.3095100623763479e-07,0.0
hsa-miR-320b,0.5156759922596034,0.6042079831063569,
hsa-miR-320c,0.1618033753259961,1.0,
hsa-miR-323a-3p,0.15840952863711166,4.68539886329627e-05,0.03700224585206378
hsa-miR-323b-3p,0.17563658254352993,0.006173913685037422,-0.010581276266344747
hsa-miR-324-3p,0.612245551384661,0.0005722020916466202,0.022082221694101664
hsa-miR-324-5p,0.5552565454474486,0.3847499263800588,
hsa-miR-326,0.40491339407218807,0.7576607459465682,
hsa-miR-328-3p,0.6964733821673066,6.171428571428572e-299,0.0
hsa-miR-330-3p,0.41274775891142024,0.8518938615331153,
hsa-miR-330-5p,0.5872101446606056,0.0005644591219982382,0.12027616872497864
hsa-miR-331-3p,0.6213299240800346,0.0014680231541337639,0.11326974708781273
hsa-miR-331-5p,0.35740048793526225,0.014206190649157216,0.0
hsa-miR-335-3p,0.5234374220457649,0.08506649715148584,
hsa-miR-335-5p,0.3709391331714583,0.0245472324266832,0.06601066396804844
hsa-miR-337-3p,0.37544895862304795,0.2611492177678944,
hsa-miR-338-3p,0.6297769938152197,0.007883495226705953,0.16123357995179738
hsa-miR-338-5p,0.3210663263120354,0.5635113934386695,
hsa-miR-339-3p,0.5900598059335838,0.0004647068601470179,0.006307286319375023
hsa-miR-339-5p,0.5835633496769399,0.9925229265394394,
hsa-miR-33a-3p,0.18095036741748188,1.0,
hsa-miR-33a-5p,0.3606617062061498,0.75678851627866,
hsa-miR-33b-5p,0.20572468251256004,1.0,
hsa-miR-340-3p,0.5566430356478604,4.075142687298694e-06,0.0
hsa-miR-340-5p,0.6121770501451379,0.0003091774946636473,0.0
hsa-miR-342-3p,0.634605817839214,7.068885476968489e-10,-0.08105038008020796
hsa-miR-342-5p,0.507603021311449,2.2681328513465144e-11,-0.040883810063434216
hsa-miR-345-5p,0.5627647875243464,0.079913034382881,
hsa-miR-34a-5p,0.6089938245927043,8.22805516520475e-06,0.0
hsa-miR-34c-3p,0.18881185417133556,0.0002055178412562785,0.011577505874994972
hsa-miR-34c-5p,0.19567414002434386,0.03093826295150414,0.029498982627937192
hsa-miR-3605-3p,0.23321690194104314,0.03471591766458901,0.05478719197929052
hsa-miR-3607-3p,0.593695605275253,3.6893565126005205e-15,0.0
hsa-miR-361-3p,0.6178531716870715,2.6412708671371144e-08,0.0
hsa-miR-361-5p,0.6042504594453091,2.0059974551021815e-09,0.0
hsa-miR-3613-5p,0.4794575761337977,0.04389199234124503,-0.021626621315424588
hsa-miR-3615,0.3086595478383801,3.739813816260096e-05,0.030920316020299862
hsa-miR-362-3p,0.22643457898405867,1.0,
hsa-miR-362-5p,0.5834209612156077,0.29147091371816325,
hsa-miR-363-3p,0.5119503707870786,1.3681206615362513e-09,0.0
hsa-miR-3653,0.5725172793345312,0.0005189016687564498,0.0
hsa-miR-365a-3p,0.6721394990670012,1.0,
hsa-miR-365b-3p,0.6708518332929702,1.0,
hsa-miR-3677-3p,0.4910744564882604,9.762927816012298e-05,0.0
hsa-miR-369-3p,0.12502051010978849,1.5577063828748073e-05,0.0010886374561793774
hsa-miR-369-5p,0.14067275776852212,0.0005328232619603721,0.0
hsa-miR-370-3p,0.1439170580286142,0.004941359924077845,0.0
hsa-miR-370-5p,0.15261359593972007,1.0,
hsa-miR-374a-3p,0.6063098463038629,4.008986008028768e-09,-0.12250078507159651
hsa-miR-374a-5p,0.5711434580333882,3.519784549535895e-07,0.0
hsa-miR-374b-3p,0.2503562955141416,0.019170124097620637,-0.00631519769945
hsa-miR-374b-5p,0.6256485612152267,1.1153796266341223e-08,0.0
hsa-miR-375,0.6709219461684283,3.89200511112096e-05,-0.0635918996757085
hsa-miR-376c-3p,0.12437087443950029,8.352397155726846e-06,0.016792337512440244
hsa-miR-378a-3p,0.6715833055773659,1.0,
hsa-miR-378a-5p,0.6403676810010168,0.2054323995191128,
hsa-miR-378c,0.45581483439772286,0.4734731967899941,
hsa-miR-379-5p,0.5741821856145155,1.0,
hsa-miR-381-3p,0.3730935005467923,0.0008811254584017258,0.039191312464808746
hsa-miR-382-5p,0.2624424424649443,0.0008992748541844458,0.04580967699612354
hsa-miR-3913-5p,0.3293915060391636,0.008799384951447168,-0.027061166895743918
hsa-miR-3928-3p,0.17692289604027794,1.0,
hsa-miR-409-3p,0.3337643940627577,0.0005903061482701033,0.02389652609410665
hsa-miR-409-5p,0.2775581297862826,1.0,
hsa-miR-410-3p,0.24076241128862633,0.0036178892699229113,-0.002880875126039219
hsa-miR-411-5p,0.13328741788337622,0.0038863428993745125,-0.0029938087080551403
hsa-miR-412-5p,0.18102333809248294,0.013600591626763947,-0.030128263820220047
hsa-miR-421,0.2651943995492438,0.0012048506325780294,0.0
hsa-miR-423-3p,0.580847576655909,5.771412523953173e-05,0.0
hsa-miR-423-5p,0.6266006122150161,8.890539744200863e-05,0.024157797680975722
hsa-miR-424-3p,0.25109809971408714,1.0,
hsa-miR-424-5p,0.5628028930271434,0.1469415525104627,
hsa-miR-425-3p,0.50598584951421,0.5983203163179371,
hsa-miR-425-5p,0.6233303175699565,1.0,
hsa-miR-429,0.10391198370912091,1.0,
hsa-miR-431-3p,0.2045902516551204,0.010046774914219913,0.006948881054447052
hsa-miR-432-5p,0.16107812440716981,0.0019340056806532442,0.0
hsa-miR-450a-5p,0.4831674091122524,1.0,
hsa-miR-450b-5p,0.5425467546734098,0.5694685757921273,
hsa-miR-451a,0.6245811561824643,0.009926401770644981,0.0
hsa-miR-452-3p,0.18722630059750517,3.6499123723388036e-10,0.0
hsa-miR-452-5p,0.440734122642302,0.00013576837770224094,-0.004033701003424796
hsa-miR-454-3p,0.5314946845281071,0.34594993843797645,
hsa-miR-455-3p,0.5513145323258041,0.989211797535358,
hsa-miR-455-5p,0.5090370359497178,0.01704482484523418,0.0
hsa-miR-4661-5p,0.37849974904995265,0.005111394014835895,0.018352945960007066
hsa-miR-4662a-5p,0.5574063313416484,1.0,
hsa-miR-4668-3p,0.21600898559694656,0.864529466585867,
hsa-miR-4677-3p,0.5658537490733894,1.0,
hsa-miR-4746-5p,0.28928424197918695,0.00019178606116693165,-0.030635783444530044
hsa-miR-4772-3p,0.2008741643223137,7.46864141036766e-07,-0.06439870914383711
hsa-miR-484,0.5926027001033182,0.0020372707883649153,0.0
hsa-miR-485-3p,0.14207308108029823,0.006639161771716927,0.039552910631637225
hsa-miR-486-5p,0.6339905359488115,0.024648298772181797,0.0
hsa-miR-487b-3p,0.13352398916493086,0.022344665231434455,0.0
hsa-miR-491-5p,0.24626081998730873,1.728e-299,-0.025661654583898123
hsa-miR-493-3p,0.12387343941198192,2.1267295616885697e-11,0.0
hsa-miR-493-5p,0.15168411028602885,1.2527177734169505e-08,0.0
hsa-miR-495-3p,0.1858101357078121,0.12126600234808853,
hsa-miR-497-5p,0.6026624211547404,8.559474606018878e-08,0.14918855352967608
hsa-miR-5000-3p,0.1908512651229324,0.976763062105995,
hsa-miR-500a-3p,0.5876284227033273,7.122698571994699e-06,0.0
hsa-miR-500a-5p,0.4467160638200164,0.19934847254123572,
hsa-miR-500b-3p,0.17532089834970388,0.3882283181863367,
hsa-miR-500b-5p,0.44659628108504523,0.19895258237609056,
hsa-miR-501-3p,0.47047919009418027,0.13268977528248516,
hsa-miR-501-5p,0.3288729045258302,0.0033076185309841243,0.0
hsa-miR-502-3p,0.5694092960266134,0.021102239907462045,-0.004916049243716914
hsa-miR-502-5p,0.17482865311994567,0.004890234649055167,0.0
hsa-miR-503-5p,0.40016679033124813,1.0,
hsa-miR-505-3p,0.573408007032428,1.0,
hsa-miR-505-5p,0.49486510535707956,0.2759665242946463,
hsa-miR-508-3p,0.282262582812397,9.571432728705532e-06,0.01797689519323977
hsa-miR-509-3p,0.20907574588409228,0.0002201690132327586,-0.0539475058224193
hsa-miR-511-5p,0.30879016369816015,3.474118325383105e-07,-0.13017764098973766
hsa-miR-514a-3p,0.22754701497761803,0.00022017285196276353,-0.005418051523893257
hsa-miR-532-3p,0.5857461917546832,2.1738931155201868e-07,0.0
hsa-miR-532-5p,0.5926695879757717,3.817650304973406e-08,0.0
hsa-miR-539-5p,0.1555555492045264,0.3846549691613352,
hsa-miR-542-3p,0.5957643852518936,1.8035728742025826e-05,-0.039251191508451265
hsa-miR-542-5p,0.22206339010832027,0.04853855106391602,0.0
hsa-miR-548v,0.1916582994860314,1.0,
hsa-miR-550a-3p,0.16634452028158153,3.109798133290756e-11,0.0
hsa-miR-550a-5p,0.3923811434617405,9.218929871638674e-05,0.005462593807700391
hsa-miR-5586-5p,0.20615763791433928,0.01149399269689515,0.0
hsa-miR-5683,0.22407153271006963,8.689077229932009e-07,-0.00034492160830674004
hsa-miR-574-3p,0.5180288597976891,0.05452234162515972,
hsa-miR-576-5p,0.6262407544421257,1.0,
hsa-miR-582-3p,0.5761903546976584,0.6539457456929194,
hsa-miR-582-5p,0.4870891357855833,0.0029824738619386127,0.08482047147168813
hsa-miR-584-5p,0.6648083630996887,2.4996207685879396e-07,0.11907408517152897
hsa-miR-589-3p,0.26073107039243487,0.16250422030707928,
hsa-miR-589-5p,0.6043983519606451,0.004518250329770799,0.0
hsa-miR-590-3p,0.4053841773088619,0.6771806731501071,
hsa-miR-590-5p,0.48841770467721035,1.0,
hsa-miR-592,0.2163801363664523,0.0015649768476797294,-0.03566329300542012
hsa-miR-598-3p,0.661071086620245,3.9434999528149077e-10,0.0
hsa-miR-6087,0.27674732758921805,2.7423444732335154e-06,0.04409091111015406
hsa-miR-616-5p,0.19646014088368985,0.9483001021540945,
hsa-miR-624-5p,0.16992878954115434,0.04296945931188614,-0.019283850131826534
hsa-miR-625-3p,0.6076315885816475,1.0,
hsa-miR-625-5p,0.29258084018007297,1.0,
hsa-miR-627-5p,0.17869054965743564,0.058534006834441245,
hsa-miR-628-3p,0.16068067331107255,1.0,
hsa-miR-628-5p,0.63616647881955,1.08e-298,-0.018981877828980698
hsa-miR-629-3p,0.4062079057293332,0.20566502484967247,
hsa-miR-629-5p,0.4758269584636398,0.009898192543468938,-0.031469639080111154
hsa-miR-642a-5p,0.20862797296950902,0.5908162686999563,
hsa-miR-6509-5p,0.2030740956552904,8.665612263579543e-06,0.01675712455016608
hsa-miR-651-5p,0.2258424218823261,0.14850001792592293,
hsa-miR-6511b-3p,0.3039998612443383,9.63000942706274e-06,0.0
hsa-miR-652-3p,0.6154457041717036,0.016831311007825957,0.0
hsa-miR-653-5p,0.3094888419928921,0.0003863088709385565,0.0553433452409475
hsa-miR-654-3p,0.3030890707554056,0.0001732701042435238,0.0
hsa-miR-659-5p,0.1961443756644904,2.280340208425086e-08,0.0
hsa-miR-660-5p,0.6366048724526396,1.517351744216517e-05,-0.0039044029513130695
hsa-miR-664a-3p,0.6957971423934228,1.44e-298,0.06034981187074275
hsa-miR-664a-5p,0.44336313403314576,7.2e-299,-0.010090564677672643
hsa-miR-664b-3p,0.4956433551160895,2.2441078709586496e-08,0.05065260494149475
hsa-miR-671-3p,0.28414169646609294,4.0129409562946905e-06,-0.001848889220697301
hsa-miR-671-5p,0.4087840412090952,0.004301708894885501,0.0599023028224489
hsa-miR-675-3p,0.2091853170753562,7.938414725572329e-08,0.01999102402353519
hsa-miR-6806-3p,0.16780284782467447,0.15264947503126902,
hsa-miR-6842-3p,0.20812986762558267,0.6580452894356194,
hsa-miR-6892-5p,0.1876923253366915,0.28374498263263925,
hsa-miR-7-1-3p,0.6133819584894912,3.293513008739498e-07,-0.08822583564413393
hsa-miR-7-5p,0.2356821781621518,2.4390406678618554e-05,0.014353256683237135
hsa-miR-708-3p,0.3082120989042408,0.4396600449953635,
hsa-miR-708-5p,0.23923537678335471,0.008787107204690474,0.030563438776121235
hsa-miR-744-3p,0.5322976164431967,0.0005214954150365007,0.0
hsa-miR-744-5p,0.6541206918611636,1.8568826476439426e-11,-0.18980357357154853
hsa-miR-758-3p,0.18347858313749074,0.004212664686927371,-0.017211668205972395
hsa-miR-758-5p,0.17446595749870364,0.17463551087395765,
hsa-miR-766-3p,0.491172406234884,1.0,
hsa-miR-769-3p,0.20875033451460842,0.4631544880408614,
hsa-miR-769-5p,0.6482578673838022,1.809908900198973e-07,-0.06602819739836382
hsa-miR-7706,0.18412116933214964,0.07357746874799213,
hsa-miR-874-3p,0.5456188430312569,2.8704507872510235e-07,-0.026497155831657265
hsa-miR-877-5p,0.1642225645749903,4.886317543842483e-08,0.011468770777570823
hsa-miR-887-3p,0.3244658025197382,0.6039939523814222,
hsa-miR-889-3p,0.30437920108220035,0.001592918121307896,0.0
hsa-miR-9-5p,0.6077488361217578,1.0,
hsa-miR-92a-1-5p,0.3150476382519551,0.19792914697208405,
hsa-miR-92a-3p,0.6031826564054619,7.556584874513641e-05,0.0
hsa-miR-92b-3p,0.5060382643910627,0.6042320984019911,
hsa-miR-93-3p,0.5808536653619809,0.9402940261378632,
hsa-miR-93-5p,0.5862293047996573,0.00023921938085812096,0.0
hsa-miR-937-3p,0.19325095656449132,1.2327160568910334e-11,0.0274995721335463
hsa-miR-940,0.26397879971962107,0.00017668297102054912,0.02773882276053204
hsa-miR-942-5p,0.4376658543978037,1.496083257279679e-10,0.0
hsa-miR-95-3p,0.27736825495003026,1.0,
hsa-miR-96-5p,0.3032001873808011,0.0007282747239064891,-0.005719285949118463
hsa-miR-98-3p,0.1711095993338827,1.0,
hsa-miR-98-5p,0.5524932774324676,1.2488691281120623e-06,0.06733395122559138
hsa-miR-99a-3p,0.17960397737697273,2.16e-298,0.021446749862410238
hsa-miR-99a-5p,0.6479811601793843,4.32e-298,-0.10609419698785985
hsa-miR-99b-3p,0.6006992624132576,0.009341683689034251,0.04418101217848997
hsa-miR-99b-5p,0.5950868700516541,3.2591603834335666e-12,0.0
